A. Schulman->SHLM
A.c. Moore Arts Crafts->ACMR
A.d.a.m. Inc.->ADAM
Aaipharma->AAII
Aaon->AAON
Abaxis->ABAX
Abigail Adams National Bancorp->AANB
Abington Bancorp->ABBC
Abiomed->ABMD
Abraxas Petroleum->AXAS
Abraxis Bioscience Inc.->ABII
Acacia->ACTG
Acadia->ACAD
Accelrys->ACCL
Access Integrated Technologies->CIDM
Access National->ANCX
Access Plans Usa->AUSA
Accuray Incorporated->ARAY
Acergy->ACGY
Achillion Pharmaceuticals->ACHN
Aci Worldwide->ACIW
Acme Packet->APKT
Acorda Therapeutics->ACOR
Actel->ACTL
Actions Semiconductor Co. Ltd. Ads->ACTS
Active Power->ACPW
Actividentity->ACTI
Activision Blizzard->ATVI
Actuate->ACTU
Acura Pharmaceuticals->ACUR
Acxiom->ACXM
Ada-es->ADES
Adams Golf->ADGF
Adaptec->ADPT
Adc Telecommunications->ADCT
Addvantage Technologies Grp.->AEY
Adobe Systems Incorporated->ADBE
Adolor->ADLR
Adtran->ADTN
Advanced Analogic->AATI
Advanced Battery Technologies->ABAT
Advanced Energy->AEIS
Advanta->ADVNB
Advanta->ADVNA
Advocat->AVCA
Aehr Test Systems->AEHR
Aep->AEPI
Aerovironment->AVAV
Aeterna Zentaris->AEZS
Affirmative Insurance Holdings->AFFM
Affymax->AFFY
Affymetrix->AFFX
Aftermarket->ATAC
Agfeed Industries->FEED
Agilysys->AGYS
Air Methods->AIRM
Air T->AIRT
Air Transport Services Grp.->ATSG
Airmedia Grp. Ads->AMCN
Airspan Networks->AIRN
Airvana->AIRV
Aixtron Aktiengesellschaft Ads->AIXG
Akamai->AKAM
Akeena Solar->AKNS
Akorn->AKRX
Aktieselskabet Dampskibsselskabet->TRMD
Aladdin Knowledge Systems Ltd->ALDN
Alaska Communications->ALSK
Albany Molecular Research->AMRI
Aldila->ALDA
Alexion Pharmaceuticals->ALXN
Alexza->ALXA
Alfacell->ACEL
Alico->ALCO
Align Technology->ALGN
Alkermes->ALKS
Allegiant Travel Company->ALGT
Alliance Bankshares->ABVA
Alliance Fiber Optic->AFOP
Alliance Financial->ALNC
Alliance Holdings Gp L.p.->AHGP
Alliance Resource Partners L.p.->ARLP
Allied Healthcare->AHPI
Allied Healthcare->AHCI
Allied Motion->AMOT
Allion Healthcare->ALLI
Allos Therapeutics->ALTH
Allot Communications Ltd.->ALLT
Alloy->ALOY
Allscripts-misys Healthcare Solutions->MDRX
Almost Family->AFAM
Alnylam Pharmaceuticals->ALNY
Alphatec Holdings->ATEC
Altair Nanotechnologies Inc.->ALTI
Altera->ALTR
Altra Holdings->AIMC
Altus->ALTU
Amag Pharmaceuticals->AMAG
Amarin->AMRN
Amazon.com->AMZN
Ambassadors->EPAX
Ambassadors->AMIE
Amcore Financial->AMFI
Amedisys->AMED
Amerco->UHAL
America First Tax Exempt Investors->ATAX
America Movil S.a.b. De C.v.->AMOV
America Service->ASGR
American Bancorp of New Jersey->ABNJ
American Capital Agency->AGNC
American Capital Strategies->ACAS
American Claims Evaluation->AMCE
American Cmnty Bancshares in->ACBA
American Commercial Lines->ACLI
American Dental Partners->ADPI
American Ecology->ECOL
American Electric Technologies->AETI
American Independence->AMIC
American International Industries->AMIN
American Italian Pasta Company->AIPC
American Medical Alert->AMAC
American Medical Systems->AMMD
American National Bankshares->AMNB
American National Insurance->ANAT
American Pacific->APFC
American Physicians Capital->ACAP
American Physicians Service Grp->AMPH
American Public Education->APEI
American Railcar->ARII
American River Bankshares->AMRB
American Science and Engineering->ASEI
American Software->AMSWA
American Superconductor->AMSC
American Technology->ATCO
American Woodmark->AMWD
Americas Car-mart->CRMT
Amerigon Incorporated->ARGN
Ameris Bancorp->ABCB
Amerisafe->AMSF
Ameriserv Financial->ASRV
Ameriserv Financial Inc. - Ameriserv->ASRVP
Ameristar Casinos->ASCA
Ameritrans Capital->AMTC
Amerityre->AMTY
Ames National->ATLO
Amgen Inc.->AMGN
Amicas->AMCS
Amicus Therapeutics->FOLD
Amkor->AMKR
Ampal->AMPL
Amsurg->AMSG
Amtech Systems->ASYS
Amtrust Financial Services->AFSI
Amylin Pharmaceuticals->AMLN
Anadigics->ANAD
Anadys->ANDS
Analogic->ALOG
Analysts->ANLY
Anaren->ANEN
Anchor Bancorp Wisconsin Inc.->ABCW
Angeion->ANGN
Angiodynamics->ANGO
Angiotech Pharmaceuticals - Common->ANPI
Anika Therapeutics Inc.->ANIK
Animal Health International->AHII
Annapolis Bancorp Inc.->ANNB
Answers->ANSW
Ansys->ANSS
Antigenics->AGEN
Apac Customer Services->APAC
Apogee Enterprises->APOG
Apollo->APOL
Apple->AAPL
Appliance Recycling Centers of America->ARCI
Applied Energetics->AERG
Applied Materials->AMAT
Applied Micro Circuits->AMCC
Applied Signal Technology->APSG
Approach Resources Inc.->AREX
Arabian American Development Company->ARSD
Arbinet->ARBX
Arc Wireless Solutions->ARCW
Arca Biopharma->ABIO
Arch Capital->ACGL
Arctic Cat Inc.->ACAT
Ardea Biosciences->RDEA
Arden->ARDNA
Arena->ARNA
Argon->STST
Argonaut->AGII
Ariad->ARIA
Ariba->ARBA
Aries Maritime Transport Limited->RAMS
Ark Restaurants->ARKR
Arkansas Best->ABFS
Arm Holdings Plc Ads->ARMH
Arotech->ARTX
Arqule->ARQL
Array->ARRY
Arris Grp.->ARRS
Arrow Financial->AROW
Arrowhead Research->ARWR
Art Technology Grp.->ARTG
Artesian->ARTNA
Arts Way->ARTW
Ascent Media - Series a Common Stock->ASCMA
Ascent Solar Technologies->ASTIZ
Asiainfo Holdings->ASIA
Asm->ASMI
Asml Holding N.v. - New York Registry->ASML
Aspect Medical Systems->ASPM
Aspenbio Pharma->APPY
Asset Acceptance Capital->AACC
Asta Funding->ASFI
Astea->ATEA
Astec Industries->ASTE
Astro-med->ALOT
Astronics->ATRO
Ata Inc. Ads->ATAI
Athenahealth->ATHN
Atheros Communications->ATHR
Athersys->ATHX
Atlantic American->AAME
Atlantic Bancgroup->ATBC
Atlantic Coast Federal->ACFC
Atlantic Southern Financial Grp->ASFN
Atlantic Tele-network->ATNI
Atlas Air Worldwide Holdings->AAWW
Atlas America->ATLS
Atmel->ATML
Atmi Inc.->ATMI
Atp Oil Gas->ATPG
Atricure->ATRC
Atrion->ATRI
Ats Medical->ATSI
Auburn National Bancorporation->AUBN
Audiocodes Ltd.->AUDC
Audiovox->VOXX
Authentec->AUTH
Autobytel Inc.->ABTL
Autodesk->ADSK
Automatic Data Processing->ADP
Avalon->AVRX
Avanex->AVNX
Avatar->AVTR
Avi Biopharma->AVII
Avid->AVID
Avigen->AVGN
Aviza Technology->AVZA
Avocent->AVCT
Aware->AWRE
Axcelis Technologies->ACLS
Axsys->AXYS
Axt->AXTI
B.o.s. Better Online Solutions->BOSC
Baidu->BIDU
Bakers Footwear->BKRS
Balchem->BCPC
Baldwin & Lyons->BWINA
Baldwin & Lyons->BWINB
Ballard Power Systems - Common Shares->BLDPD
Ballard Power Systems - Common Shares->BLDP
Bancfirst->BANF
Bancorp Rhode Island->BARI
Bancshares of Florida->BOFL
Banctrust Financial->BTFG
Bank Mutual->BKMU
Bank of Commerce->BOCH
Bank of Granite->GRAN
Bank of Marin->BMRC
Bank of South Carolina->BKSC
Bank of Virginia->BOVA
Bank of the Ozarks->OZRK
Bankatlantic Bancorp - Bankatlantic->BBXT
Bankfinancial->BFIN
Bankrate->RATE
Bankunited Financial->BKUNA
Banner->BANR
Bare Escentuals->BARE
Barrett Business Services->BBSI
Basin Water->BWTR
Bassett Furniture->BSET
Bbt - Mason-dixon Capital Trust->MSDXP
Bcb Bancorp->BCBP
Bcsb Bancorp->BCSB
Be Aerospace->BEAV
Beach First National Bancshares->BFNB
Beacon Federal Bancorp->BFED
Beacon Power->BCON
Beacon Roofing->BECN
Beasley Broadcast Grp.->BBGI
Bebe Stores->BEBE
Bed Bath & Beyond->BBBY
Bel Fuse Inc.->BELFA
Bel Fuse Inc.->BELFB
Beneficial Mutual Bancorp->BNCL
Benihana Inc.->BNHNA
Benihana Inc.->BNHN
Benjamin Franklin Bancorp->BFBC
Berkshire Bancorp->BERK
Berkshire Hills Bancorp->BHLB
Bgc Partners->BGCP
Bidz.com->BIDZ
Big 5 Sporting Goods->BGFV
Bigband Networks->BBND
Bio-imaging Technologies->BITI
Bioanalytical Systems->BASI
Biocryst->BCRX
Biodel Inc.->BIOD
Biodelivery Sciences->BDSI
Bioform Medical->BFRM
Biofuel Energy->BIOF
Biogen Idec->BIIB
Biolase->BLTI
Biomarin->BMRN
Biomimetic Therapeutics->BMTI
Biopure->BPUR
Biosante Pharmaceuticals->BPAX
Bioscrip->BIOS
Biosphere Medical->BSMD
Birner Dental Management Service->BDMS
Bitstream Inc.->BITS
Bjs Restaurants->BJRI
Black Box->BBOX
Blackbaud->BLKB
Blackboard Inc.->BBBB
Blackrock Kelso Capital->BKCC
Blue Coat Systems->BCSI
Blue Dolphin Energy Company->BDCO
Blue Nile->NILE
Bluefly->BFLY
Bmp Sunstone->BJGP
Bnc Bancorp->BNCN
Bob Evans Farms->BOBE
Bofi Holding->BOFI
Bok Financial->BOKF
Bolt Technology->BOLT
Bonso Electronics International->BNSO
Bookham->BKHM
Borland->BORL
Boston Private->BPFH
Bottomline Technologies->EPAY
Breitburn Energy Partners L.p.->BBEP
Bridge Bancorp->BDGE
Bridgeline Software->BLSW
Bridgford->BRID
Brigham Exploration Company->BEXP
Brightpoint->CELL
Britton Koontz Capital->BKBK
Broadpoint Securities Grp.->BPSG
Broadvision->BVSN
Broadway Financial->BYFC
Broadwind Energy->BWEN
Brocade Communications Systems->BRCD
Bronco Drilling Company->BRNC
Brookline Bancorp->BRKL
Brooklyn Federal Bancorp->BFSB
Brooks Automation->BRKS
Bruker->BRKR
Bryn Mawr Bank->BMTC
Bsquare->BSQR
Bucyrus->BUCY
Buffalo Wild Wings->BWLD
Builders Firstsource->BLDR
C.h. Robinson Worldwide->CHRW
Ca Inc.->CA
Cabot Microelectronics->CCMP
Cadence Design Systems->CDNS
Cadence Financial->CADE
Cadence Pharmaceuticals->CADX
Cadiz->CDZI
Cal-maine Foods->CALM
Calamos Asset Management->CLMS
Calamp->CAMP
Calavo Growers->CVGW
California Coastal Communities->CALC
California First National Bancorp->CFNB
California Micro Devices->CAMD
California Pizza Kitchen->CPKI
Caliper Life Sciences->CALP
Callidus->CALD
Callwave->CALL
Calumet Specialty Products Partners->CLMT
Camco Financial->CAFI
Camden National->CAC
Camtek->CAMT
Canadian Solar Inc. - Common Shares->CSIQ
Candela->CLZR
Canterbury Park Holding->CPHC
Cape Fear Bank->CAPE
Capella Education Company->CPLA
Capital Bank->CBKN
Capital City Bank->CCBG
Capital Crossing Preferred->CCPCN
Capital Product Partners L.p.->CPLP
Capital Southwest->CSWC
Capitol Federal Financial->CFFN
Capstone Turbine->CPST
Caraustar Industries->CSAR
Cardiac Science->CSCX
Cardica->CRDC
Cardinal->CFNL
Cardiodynamics International->CDIC
Cardionet->BEAT
Cardiovascular Systems->CSII
Cardtronics->CATM
Career Education->CECO
Caribou Coffee Company->CBOU
Carmike->CKEC
Carolina Bank->CLBH
Carolina Trust Bank->CART
Carrizo Oil & Gas->CRZO
Carrollton Bancorp->CRRB
Carrols Restaurant Grp.->TAST
Carver Bancorp->CARV
Cas Medical Systems->CASM
Cascade Bancorp->CACB
Cascade Financial->CASB
Cascade Microtech->CSCD
Casella Waste Systems->CWST
Caseys General Stores->CASY
Cass Information Systems->CASS
Castlepoint Holdings Ltd->CPHL
Casual Male Retail->CMRG
Catalyst Health Solutions->CHSI
Catalyst Pharmaceutical Partners->CPRX
Catapult Communicatons->CATT
Cathay General Bancorp->CATY
Cavco Industries->CVCO
Cavium Networks->CAVM
Cbeyond->CBEY
Cbrl->CBRL
Cdc->CHINA
Ce Franklin Ltd.->CFK
Ceco Environmental->CECE
Celadon->CLDN
Celera->CRA
Celgene->CELG
Cell Genesys->CEGE
Cell Therapeutics->CTIC
Celldex Therapeutics->CLDX
Celsion->CLSN
Centennial Communications->CYCL
Center Bancorp->CNBC
Center Financial->CLFC
Centerstate Banks of Florida->CSFL
Central Bancorp->CEBK
Central European Distribution->CEDC
Central European Media->CETV
Central Federal->CFBK
Central Garden Pet Company->CENTA
Central Garden Pet Company->CENT
Central Jersey Bancorp->CJBK
Central Valley Community Bancorp->CVCY
Central Virginia Bankshares->CVBK
Centrue Financial->TRUE
Century Aluminum Company->CENX
Century Bancorp->CNBKA
Century Casinos->CNTY
Cephalon->CEPH
Cepheid->CPHD
Ceradyne->CRDN
Ceragon->CRNT
Cerner->CERN
Cerus->CERS
Ceva->CEVA
Cf Financial->CFFI
Cfs Bancorp->CITZ
Champion Industries->CHMP
Changyou.com Limited - American Depository->CYOU
Chardan 2008 China Acquisition->CACAU
Chardan 2008 China Acquisition->CACA
Charles & Colvard->CTHR
Charles Schwab->SCHW
Charming Shoppes->CHRS
Chart Industries->GTLS
Charter Communications->CHTR
Chartered Semiconductor Manuf->CHRTR
Chartered Semiconductor Manufacturing->CHRT
Chattem->CHTT
Check Point Software Technologies->CHKP
Chelsea Therapeutics International->CHTP
Chemgenex->CXSP
Chemical Financial->CHFC
Cherokee Inc.->CHKE
Cheviot->CHEV
Chicopee Bancorp->CBNK
China Architectural Engineering->CAEI
China Automotive->CAAS
China Bak Battery->CBAK
China Cablecom Holdings Ltd.->CABL
China Cablecom Holdings Ltd. - Unit->CABLU
China Direct->CDS
China Direct->CDII
China Finance Online->JRJC
China Fire Security Grp.->CFSG
China Grentech Limited Ads->GRRF
China Information Security Technology->CPBY
China Infrastructure Investment->CIIC
China Insonline->CHIO
China Medical->CMED
China Natural Resources->CHNR
China Precision Steel->CPSL
China Sky One Medical->CSKI
China Sunergy Co. Ltd. Ads->CSUN
China Techfaith Wireless Communication->CNTF
China Technology Development Grp->CTDC
China Transinfo Technology->CTFO
China-biotics->CHBT
Chinacast Education Corp->CASTU
Chinaedu Ads->CEDU
Chindex->CHDX
Chipmos Technologies (bermuda) Ltd->IMOS
Chordiant->CHRD
Churchill Downs->CHDN
Ciena->CIEN
Cincinnati Financial->CINF
Cintas->CTAS
Cirrus Logic->CRUS
Cisco Systems->CSCO
Citi Trends->CTRN
Citigroup Inc.->PLJC
Citizens Northern Corp->CZNC
Citizens Community Bancorp->CZWI
Citizens First->CZFC
Citizens First Bancorp->CTZN
Citizens Holding Company->CIZN
Citizens Republic Bancorp->CRBC
Citizens South Banking->CSBC
Citrix->CTXS
City Bank->CTBK
City Holding Company->CHCO
City Telecom (h.k.) Limited Ads->CTEL
Ckx->CKXE
Clarient->CLRT
Clayton Williams Energy->CWEI
Clean Energy Fuels->CLNE
Clearfield->CLFD
Clearone Communications Inc.->CLRO
Clearwire->CLWR
Clearwire->CLWRD
Cleveland Biolabs->CBLI
Clicksoftware->CKSW
Clifton Savings Bancorp->CSBK
Clinical Data->CLDA
Cme Grp. Inc.->CME
Cms Bancorp->CMSB
Cnb Financial->CCNE
Cninsure Inc. Ads->CISG
Cobiz Financial Inc.->COBZ
Cobra Electronics->COBR
Coca Cola Bottling->COKE
Codorus Valley Bancorp->CVLY
Cogent Communications Group->CCOI
Cognex->CGNX
Cognizant Technology Solutions->CTSH
Coherent->COHR
Cohu->COHU
Coinstar->CSTR
Coldwater Creek->CWTR
Coleman Cable->CCIX
Collectors Universe->CLCT
Colonial Bankshares->COBK
Colony Bankcorp->CBAN
Columbia Banking System->COLB
Columbia Sportswear Company->COLM
Columbus Mckinnon->CMCO
Comarco->CMRO
Combimatrix->CBMX
Combinatorx->CRXX
Comcast->CMCSK
Comcast->CMCSA
Comm Bancorp->CCBP
Commerce Bancshares->CBSH
Commercefirst Bancorp->CMFB
Commercial National Financial->CNAF
Commercial Vehicle->CVGI
Commonwealth Bankshares->CWBS
Commtouch Software Ltd.->CTCH
Communications Systems->JCS
Community Bancorp->CBON
Community Bancorp of New Jersey->CBNJ
Community Bank Shares of Indiana->CBIN
Community Capital->CPBK
Community Central Bank->CCBD
Community Financial->CFFC
Community Partners Bancorp->CPBC
Community Shores Bank->CSHB
Community Trust Bancorp->CTBI
Community West Bancshares->CWBC
Commvault Systems->CVLT
Compass Diversified Holdings - Shares->CODI
Compucredit->CCRT
Compugen Ltd.->CGEN
Computer Programs and Systems->CPSI
Computer Task Grp. Incorporated->CTGX
Compuware->CPWR
Comscore->SCOR
Comstock Homebuilding->CHCI
Comsys It Partners->CITP
Comtech->COGO
Comtech Telecommunications->CMTL
Comverge->COMV
Conceptus->CPTS
Concur Technologies->CNQR
Conexant->CNXT
Conmed->CNMD
Connecticut Water Service->CTWS
Conns->CONN
Conolog->CNLG
Conolog->CNLGD
Consolidated Communications->CNSL
Consolidated Water Co. Ltd.->CWCO
Constant Contact->CTCT
Constar International Inc.->CNST
Consumer Portfolio Services->CPSS
Convera->CNVR
Converted Organics Inc.->COINZ
Cooperative Bankshares->COOP
Copano->CPNO
Copart->CPRT
Copernic Inc.->CNIC
Corcept Therapeutics Incorporated->CORT
Core-mark Holding Company->CORE
Corel->CREL
Corgi International Limited Ads->CRGI
Corinthian Colleges->COCO
Cornerstone Therapeutics Inc.->CRTX
Corvel->CRVL
Cosi->COSI
Cost Plus->CPWM
Costar Grp.->CSGP
Costco Wholesale->COST
Cougar Biotechnology->CGRB
Courier->CRRC
Covenant Transportation Grp.->CVTI
Cowen Grp.->COWN
Cowlitz Bancorporation->CWLZ
Cpex Pharmaceuticals->CPEX
Cpi International->CPII
Cra International->CRAI
Cray->CRAY
Credit Acceptance->CACC
Credo Petroleum->CRED
Cree->CREE
Crescent Banking->CSNT
Crescent Financial->CRFN
Cresud S.a.c.i.f. Y a.->CRESY
Crm->CRMH
Crocs->CROX
Cross (a.t.) Company->ATX
Cross Country Healthcare->CCRN
Crosstex Energy->XTXI
Crosstex Energy L.p.->XTEX
Crown Crafts->CRWS
Crown Media Holdings->CRWN
Crucell Nv Ads->CRXL
Cryptologic Limited->CRYP
Csg Systems->CSGS
Csp->CSPI
Ctc Media->CTCM
Cti->CTIB
Ctrip.com International Ltd. Ads->CTRP
Cumulus Media Inc.->CMLS
Curagen->CRGN
Curis->CRIS
Cutera->CUTR
Cv Therapeutics->CVTX
Cvb Financial->CVBF
Cvd Equipment->CVV
Cyanotech->CYAN
Cyberonics->CYBX
Cyberoptics->CYBE
Cybersource->CYBS
Cybex International->CYBI
Cyclacel Pharmaceuticals->CYCC
Cymer->CYMI
Cynosure->CYNO
Cypress Bioscience->CYPB
Cytokinetics Incorporated->CYTK
Cytori Therapeutics->CYTX
Cytrx  CYTR
D & E Communications->DECC
Daiei->DAIEY
Daily Journal->DJCO
Daktronics->DAKT
Danvers Bancorp->DNBK
Dara Biosciences->DARA
Data Domain->DDUP
Data I/o->DAIO
Datalink->DTLK
Dataram->DRAM
Datascope->DSCP
Datatrak->DATA
Datawatch->DWCH
Dawson Geophysical Company->DWSN
Daystar Technologies->DSTI
Dayton Superior->DSUP
Dcap->DCAP
Ddi->DDIC
Dealertrack Holdings->TRAK
Dearborn Bancorp->DEAR
Deckers Outdoor->DECK
Decode Genetics->DCGN
Delia*s Inc.->DLIA
Dell->DELL
Delta Natural Gas Company->DGAS
Delta Petroleum->DPTR
Deltek->PROJ
Dendreon->DNDN
Dennys->DENN
Dentsply International Inc.->XRAY
Depomed->DEPO
Design Within Reach->DWRI
Destination Maternity->DEST
Deswell->DSWL
Dexcom->DXCM
Dialysis of America->DCAI
Diamond Foods->DMND
Diamond Hill Investment Grp.->DHIL
Diamond Management Technology Consultants->DTPI
Diedrich Coffee->DDRX
Digi International Inc.->DGII
Digimarc->DMRC
Digirad->DRAD
Digital Ally->DGLY
Digital Angel->DIGA
Digital Generation Systems->DGIT
Digital Recorders->TBUS
Digital River->DRIV
Dime Community Bancshares->DCOM
Diodes->DIOD
Dionex->DNEX
Discovery Communications->DISCA
Discovery Communications - Series->DISCB
Discovery Communications - Series->DISCK
Discovery Labs->DSCO
Dish Network->DISH
Ditech Networks->DITC
Divx->DIVX
Dixie->DXYN
Dnb Financial Corp->DNBF
Dollar Financial->DLLR
Dollar Tree->DLTR
Donegal->DGICA
Donegal Grp.->DGICB
Dorchester Minerals L.p.->DMLP
Dorman Products->DORM
Dot Hill Systems->HILL
Double Eagle->DBLE
Double Eagle Petroleum Company->DBLEP
Double-take Software->DBTK
Dover Saddlery->DOVR
Drdgold->DROOY
Dreamworks Animation Skg->DWA
Dress Barn->DBRN
Drugstore->DSCM
Dryships->DRYS
Dsp->DSPG
Dts->DTSI
Duckwall Alco->DUCK
Durect->DRRX
Dusa->DUSA
Dxp Enterprises->DXPE
Dyax->DYAX
Dynacq Healthcare->DYII
Dynamex->DDMX
Dynamic Materials->BOOM
Dynamics Research->DRCO
Dynatronics->DYNT
Dynavax Technologies->DVAX
E*trade Financial->ETFC
E-future Information Technology Inc->EFUT
Eagle Bancorp->EGBN
Eagle Bulk Shipping->EGLE
Eagle Rock Energy Partners L.p.->EROC
Earthlink->ELNK
East West Bancorp->EWBC
Eastern Insurance Holdings->EIHI
Eastern Virginia Bankshares->EVBS
Easylink Services International->ESIC
Ebay Inc.->EBAY
Ebix->EBIX
Ecb Bancorp->ECBE
Echelon->ELON
Echostar->SATS
Eclipsys->ECLP
Ecology and Environment->EEI
Ectel->ECTX
Edac Technologies->EDAC
Edap Tms .->EDAP
Edci Holdings->EDCI
Eddie Bauer Holdings->EBHI
Eden Bioscience->EDEN
Edgar Online->EDGR
Edge->EPEX
Edge Petroleum->EPEXP
Edgewater->EDGW
Ediets.com->DIET
Educational Development->EDUC
Efj->EFJI
Ehealth->EHTH
Elbit->ESLT
Elecsys->ESYS
Electro Optical Sciences->MELA
Electro Rent->ELRC
Electro Scientific Industries->ESIO
Electro-sensors->ELSE
Electronic Arts Inc.->ERTS
Electronics for Imaging->EFII
Elizabeth Arden->RDEN
Elong->LONG
Eloyalty->ELOY
Elron Electronic Industries Ltd->ELRN
Eltek Ltd.->ELTK
Emageon->EMAG
Emc Insurance Grp.->EMCI
Emcore->EMKR
Emdeon->HLTH
Emmis Communications->EMMS
Emmis Communications->EMMSP
Empire Resorts->NYNY
Ems Technologies->ELMG
Encore Bancshares->EBTX
Encore Capital->ECPG
Encore Wire->WIRE
Encorium Grp.->ENCO
Endo Pharmaceuticals Holdings Inc->ENDP
Endocare->ENDO
Endologix->ELGX
Endwave->ENWV
Energy Conversion Devices->ENER
Energy Focus->EFOI
Energy Recovery->ERII
Energy Xxi (bermuda) Limited - Common->EXXI
Enernoc->ENOC
Englobal->ENG
Enstar->ESGR
Entegris->ENTG
Enteromedics Inc.->ETRM
Enterprise Bancorp->EBTC
Enterprise Financial Services->EFSC
Entremed->ENMD
Entropic Communications->ENTR
Entrust->ENTU
Environmental Power->EPG
Envoy Capital Grp. Inc.->ECGI
Enzon Pharmaceuticals->ENZN
Eon Communications->EONC
Epicor->EPIC
Epiq->EPIQ
Epix->EPIX
Epoch->EPHC
Equinix->EQIX
Eresearch Technology Inc.->ERES
Erie Indemnity Company->ERIE
Esb Financial->ESBF
Escalade Incorporated->ESCA
Escalon Medical->ESMC
Essa Bancorp->ESSA
Etelecare Global Solutions Ads->ETEL
Etrials Worldwide->ETWC
Eurand N.v.->EURX
Euro Tech->CLWT
Eurobancshares->EUBK
Euronet Worldwide->EEFT
Euroseas Ltd.->ESEA
Ev3 Inc.->EVVV
Evans Bancorp->EVBN
Evergreen Solar->ESLR
Evolving Systems->EVOL
Evotec Aktiengesellschaft - American->EVTC
Exact Sciences->EXAS
Exactech->EXAC
Exar->EXAR
Exelixis->EXEL
Exfo->EXFO
Exide Technologies->XIDE
Exlservice Holdings->EXLS
Expedia->EXPE
Expedia->EXPEZ
Expedia Wrt->EXPEW
Expeditors International of Washington->EXPD
Exponent->EXPO
Express Scripts->ESRX
Exterran Partners L.p.->EXLP
Extreme Networks->EXTR
Ezchip Semiconductor Limited->EZCH
Ezcorp->EZPW
F5 Networks->FFIV
Facet Biotech->FACT
Falconstor->FALC
Famous Daves of America->DAVE
Farmer Brothers->FARM
Farmers Capital Bank->FFKT
Faro->FARO
Fastenal Company->FAST
Fauquier Bankshares->FBSS
Fbr Capital Markets->FBCM
Fcstone Grp.->FCSX
Federal-mogul->FDML
Fedfirst Financial->FFCO
Fei Company->FEIC
Ffd Financial->FFDF
Fgx International Holdings Limited->FGXI
Fibernet Telecom Grp.->FTGX
Fibertower->FTWR
Fidelity Bancorp->FSBI
Fidelity Southern->LION
Fifth Third Bancorp->FITBP
Financial Institutions->FISI
Finisar->FNSR
Firepond->FIRE
First Advantage->FADV
First Advantage Bancorp->FABK
First Bancorp->FBNC
First Bancorp (me)->FNLC
First Bancshares->FBSI
First Bankshares->SUFB
First Busey->BUSE
First Business Financial Service->FBIZ
First California Financial Grp.->FCAL
First Capital->FCAP
First Capital Bancorp (va)->FCVA
First Cash Financial Services->FCFS
First Citizens Banc->FCZA
First Citizens Bancshares->FCNCA
First Clover Leaf Financial->FCLF
First Community->FCCO
First Community Bancshares->FCBC
First Community Bank of America->FCFL
First Defiance Financial->FDEF
First Federal Bancshares of Arka->FFBH
First Federal of Northern Michig->FFNM
First Financial->FFCH
First Financial Bancorp->FFBC
First Financial Bankshares->FFIN
First Financial Indiana->THFF
First Financial Northwest->FFNW
First Financial Service->FFKY
First Franklin->FFHS
First Keystone Financial->FKFS
First M & F->FMFC
First Mariner Bancorp->FMAR
First Merchants->FRME
First Midwest Bancorp->FMBI
First National Bancshares (sc)->FNSC
First Niagara Financial Grp. Inc->FNFG
First Pactrust Bancorp->FPTB
First Place Financial->FPFC
First Republic Preferred Capital->FRCCO
First Savings Financial Grp.->FSFG
First Security->FSGI
First Solar->FSLR
First South Bancorp->FSBK
First State Bancorporation->FSNM
First United->FUNC
Firstbank->FBMI
Firstcity Financial->FCFC
Firstmerit->FMER
Firstservice - Subordinate Voting->FSRV
Fiserv->FISV
Fisher Communications->FSCI
Flamel Technologies S.a. Ads->FLML
Flanders->FLDR
Flexsteel Industries->FLXS
Flextronics->FLEX
Flir Systems->FLIR
Flow International->FLOW
Flushing Financial->FFIC
Fnb United->FNBN
Focus Media Holding Limited->FMCN
Fonar->FONR
Food Technology Service->VIFL
Force Protection->FRPT
Forgent Networks->ASUR
Formfactor->FORM
Formula Systems->FORTY
Forrester Research->FORR
Fortress International Grp. - Units->FIGIU
Fortunet->FNET
Forward Air->FWRD
Forward Industries->FORD
Fossil->FOSL
Foster Wheeler->FWLT
Fox Chase Bancorp->FXCB
Fpb Bancorp->FPBI
Fpic Insurance Grp.->FPIC
Franklin Electric Co.->FELE
Freds->FRED
Freeseas->FREEZ
Freeseas Inc.->FREE
Freightcar America->RAIL
Frequency Electronics->FEIM
Fresenius Kabi Pharmaceuticals Holding->APCVZ
Frontier Financial->FTBK
Frozen Food Express Industries->FFEX
Fsi International->FSII
Ftb->FITB
Fuel Systems Solutions->FSYS
Fuel Tech->FTEK
Fuelcell Energy->FCEL
Fujifilm Holdings->FUJI
Fulton Financial->FULT
Fundtech Ltd.->FNDT
Fushi Copperweld->FSIN
Fuwei Films (holdings) Co. Ltd.->FFHL
Fx Energy->FXEN
Fx Real Estate and Entertainment->FXRE
G-iii Apparel Grp. Ltd.->GIII
G. Willi-food International Ltd->WILC
Gaiam->GAIA
Gametech International->GMTC
Gaming Partners International->GPIC
Gander Mountain Company->GMTN
Garmin Ltd.->GRMN
Gen Probe->GPRO
Gencor Industries Inc.->GENC
Genelabs->GNLB
General Communication->GNCMA
General Finance->GFNCU
General Finance - General Finance->GFN
Genetic Technologies->GENE
Genomic Health->GHDX
Genoptix->GXDX
Gentek->GETI
Gentex->GNTX
Gentium Spa - Gentium Spa American->GENT
Gentiva Health Services->GTIV
Genvec->GNVC
Genzyme->GENZ
Geoeye->GEOY
Geomet->GMET
Geopharma->GORX
Georesources->GEOI
German American Bancorp->GABC
Geron->GERN
Gevity Hr->GVHR
Gfi Grp. Inc.->GFIG
Gibraltar->ROCK
Giga-tronics Incorporated->GIGA
Gigamedia->GIGM
Gilat Satellite Networks Ltd.->GILT
Gilead Sciences->GILD
Given Imaging->GIVN
Gk Services->GKSR
Glacier Bancorp->GBCI
Gladstone Commercial->GOOD
Gladstone Commercial->GOODO
Gladstone Commercial->GOODP
Glen Burnie Bancorp->GLBZ
Global->GLBL
Global Crossing->GLBC
Global Sources Ltd.->GSOL
Global Traffic Network->GNET
Global-tech Advanced Innovations->GAI
Globaloptions Grp.->GLOI
Globalstar->GSAT
Globecomm Systems->GCOM
Glu Mobile Inc.->GLUU
Gmarket Inc. Ads->GMKT
Goamerica->GOAM
Golar Lng Limited - Common Shares->GLNG
Golden Energy Marine->SHIP
Golden Enterprises->GLDC
Goldleaf Financial Solutions->GFSI
Golfsmith International Holdings->GOLF
Good Times Restaurants->GTIM
Google Inc.->GOOG
Gpc Biotech Ag Ads->GPCB
Grand Canyon Education->LOPE
Gravity->GRVY
Graymark Healthcare->GRMH
Great Florida Bank->GFLB
Great Lakes Dredge Dock->GLDD
Great Southern Bancorp->GSBC
Great Wolf Resorts->WOLF
Green Bankshares->GRNB
Green Mountain Coffee Roasters->GMCR
Green Plains Renewable Energy->GPRE
Greene County Bancorp->GCBC
Greenlight Capital Re Ltd.->GLRE
Griffin Land Nurseries->GRIF
Grupo Aeroportuario Del Centro Norte->OMAB
Grupo Financiero Galicia S.a.->GGAL
Gs Financial->GSLA
Gsi Commerce->GSIC
Gsi Grp.->GSIG
Gsi Technology->GSIT
Gt Solar International->SOLR
Gtsi->GTSI
Gtx->GTXI
Guaranty Bancorp->GBNK
Guaranty Federal Bancshares->GFED
Guidance Software->GUID
Gulf Island Fabrication->GIFI
Gulfport Energy->GPOR
Gymboree->GYMB
Gyrodyne Company of America->GYRO
Hallmark Financial Services->HALL
Halozyme Therapeutics->HALO
Hampden Bancorp->HBNK
Hampton Roads Bankshares->HMPR
Hancock->HBHC
Hanmi Financial->HAFC
Hansen Medical->HNSN
Hansen Natural->HANS
Harbin Electric->HRBN
Hardinge->HDNG
Harleysville->HGIC
Harleysville National->HNBC
Harleysville Savings Bank->HARL
Harmonic Inc.->HLIT
Harris Harris Grp.->TINY
Harris Interactive->HPOL
Harris Stratex Networks->HSTX
Harvard Bioscience->HBIO
Hastings Entertainment->HAST
Hauppauge Digital->HAUP
Hawaiian Holdings->HA
Hawkins->HWKN
Hawthorn Bancshares->HWBK
Hayes Lemmerz International->HAYZ
Haynes International->HAYN
He Equipment Services->HEES
Health Grades->HGRD
Healthcare Services->HCSG
Healthstream->HSTM
Healthtronics->HTRN
Healthways->HWAY
Heartland Express->HTLD
Heartland Financial Usa->HTLF
Heartware International->HTWR
Heelys->HLYS
Heidrick & Struggles->HSII
Helen of Troy Limited->HELE
Helios Matheson North America Inc->HMNA
Henry Bros. Electronics->HBE
Henry Schein->HSIC
Hercules Offshore->HERO
Heritage Commerce Corp->HTBK
Heritage Financial->HFWA
Heritage Financial->HBOS
Heritage Oaks Bancorp->HEOP
Heritage-crystal Clean->HCCI
Herley Industries->HRLY
Herman Miller->MLHR
Heska->HSKA
Hf Financial->HFFC
Hi Tech->HITK
Hi/fn->HIFN
Hibbett Sports->HIBB
Highway Holdings Limited->HIHO
Hiland Holdings Gp Lp->HPGP
Hiland Partners Lp->HLND
Himax->HIMX
Hingham Institution for Savings->HIFS
Hirsch International->HRSH
Hittite Microwave->HITT
Hls Systems International Ltd.->HOLI
Hmn Financial->HMNF
Hms Holdings Corp->HMSY
Hoku Scientific->HOKU
Hollis-eden Pharmaceuticals->HEPH
Hologic->HOLX
Home Bancorp->HBCP
Home Bancshares->HOMB
Home Diagnostics->HDIX
Home Federal Bancorp->HOME
Home Inns Hotels Management Inc->HMIN
Homeowners Choice->HCII
Hooker Furniture->HOFT
Hopfed Bancorp->HFBC
Horizon Bancorp->HBNC
Horsehead Holding->ZINC
Hot Topic->HOTT
Houston American Energy->HUSA
Houston Wire Cable Company->HWCC
Hovnanian Enterprises->HOVNP
Hsn->HSNI
Hsw International->HSWI
Hub->HUBG
Hudson->HDSN
Hudson City Bancorp->HCBK
Hudson Highland->HHGP
Hughes Communications->HUGH
Human Genome Sciences->HGSI
Huntington Bancshares->HBAN
Huntington Bancshares Incorporated->HBANP
Huntington Preferred Capital->HPCCP
Hurco->HURC
Huron Consulting->HURN
Hurray!->HRAY
Hutchinson->HTCH
Hydrogenics - Common Shares->HYGS
I-flow->IFLO
I.d. Systems->IDSY
I2->ITWO
Iac/interactivecorp->IACI
Ibasis->IBAS
Iberiabank->IBKC
Icad Inc.->ICAD
Icagen->ICGN
Icf International->ICFI
Ico->ICOC
Ico Global Communications Holdings->ICOG
Icon Plc Ads->ICLR
Iconix Brand->ICON
Icop Digital->ICOP
Ict Grp.->ICTG
Icu Medical->ICUI
Icx Technologies->ICXT
Idenix Pharmaceuticals->IDIX
Idera Pharmaceuticals->IDRA
Idexx Labs->IDXX
Idm Pharma->IDMI
Igate->IGTE
Igo->IGOI
Ii-vi Incorporated->IIVI
Ikanos Communications->IKAN
Ikonics->IKNX
Illumina->ILMN
Image Entertainment->DISK
Image Sensing Systems->ISNS
Imax->IMAX
Immersion->IMMR
Immucell->ICCC
Immucor->BLUD
Immunogen->IMGN
Immunomedics->IMMU
Impax Laboratories->IPXL
Imperial Sugar->IPSU
Incontact->SAAS
Incredimail->MAIL
Incyte->INCY
Independence Federal Savings Bank->IFSB
Independent Bank->INDB
Independent Bank->IBCP
Independent Bank - Ibc Capital Finance->IBCPO
Indevus->IDEV
Indiana Community Bancorp->INCB
Industrial Services of America->IDSA
Inergy->NRGY
Inergy Holdings L.p.->NRGP
Infinera->INFN
Infinity Pharmaceuticals->INFI
Infinity Property and Casualty->IPCC
Infocus->INFS
Infogroup Inc.->IUSA
Infologix->IFLG
Informatica->INFA
Information Services Grp.->III
Information Services Grp. - Units->IIIIU
Infosonics Corp->IFON
Infospace->INSP
Infosys Technologies Limited Ads->INFY
Ingles Markets->IMKTA
Inhibitex->INHX
Innerworkings->INWK
Innodata Isogen->INOD
Innophos Holdings->IPHS
Innospec Inc.->IOSP
Innotrac->INOC
Innovative Solutions->ISSC
Inplay Technologies->NPLA
Insight Enterprises->NSIT
Insignia->ISIG
Insituform Technologies->INSU
Insmed->INSM
Inspire Pharmaceuticals->ISPH
Insteel Industries->IIIN
Insulet->PODD
Insure.com->NSUR
Insweb->INSW
Integra Lifesciences Holdings->IART
Integral Systems->ISYS
Integramed America->INMD
Integrated Device Technology->IDTI
Integrated Electrical Services->IESC
Integrated Silicon Solution->ISSI
Intel->INTC
Intellon->ITLN
Inter Parfums->IPAR
Interactive Brokers Grp.->IBKR
Interactive Intelligence->ININ
Interdigital->IDCC
Interface->IFSIA
Intergroup->INTG
Intermune->ITMN
Internap Network Services->INAP
International Assets->IAAC
International Bancshares->IBOC
International Speedway->ISCA
Internet Capital Grp.->ICGE
Internet Gold Golden Lines Ltd.->IGLD
Interphase->INPH
Intersections->INTX
Intersil->ISIL
Interval Leisure Grp.->IILG
Intervest Bancshares->IBCA
Interwoven->IWOV
Intest->INTT
Intevac->IVAC
Intraware->ITRA
Intricon->IIN
Intuit->INTU
Intuitive Surgical->ISRG
Investors Bancorp->ISBC
Investors Real Estate Trust->IRETP
Investors Real Estate Trust - Shares->IRET
Investors Title Company->ITIC
Inx Inc.->INXI
Ipass Inc.->IPAS
Ipc Holdings Limited - Common Shares->IPCR
Ipc the Hospitalist Company->IPCM
Ipcs->IPCS
Ipg Photonics->IPGP
Iridex->IRIX
Iris->IRIS
Irobot->IRBT
Ishares Trust->AAXJ
Ishares Trust->IGOV
Ishares Trust->ISHG
Ishares Trust - Nasdaq Biotechnology->IBB
Isilon Systems->ISLN
Isis Pharmaceuticals->ISIS
Isle of Capri Casinos->ISLE
Isramco->ISRL
Ista Pharmaceuticals->ISTA
Itron->ITRI
Ituran Location and Control->ITRN
Ivanhoe Energy - Common Shares->IVAN
Ixia->XXIA
Ixys->IXYZ
J & J Snack Foods->JJSF
J. Alexanders->JAX
J. W. Mays->MAYS
J.b. Hunt Transport Services->JBHT
J2 Global Communications->JCOM
Ja Solar Holdings Co. Ltd. - Ads->JASO
Jacada->JCDA
Jack Henry &->JKHY
Jack in the Box->JACK
Jacksonville Bancorp->JXSB
Jacksonville Bancorp->JAXB
Jakks Pacific->JAKK
Jamba->JMBA
Jamba - Units->JMBAU
James River Coal Company->JRCC
Jazz Pharmaceuticals->JAZZ
Jda->JDAS
Jds Uniphase->JDSU
Jefferson Bancshares->JFBI
Jeffersonville Bancorp->JFBC
Jetblue Airways->JBLU
Jewett Cameron->JCTCF
Jinpan International Limited->JST
Joes Jeans Inc.->JOEZ
John B. Sanfilippo Son->JBSS
Johnson Outdoors->JOUT
Jones Soda->JSDA
Jos. a. Bank Clothiers->JOSB
Joy Global->JOYG
Juniper Networks->JNPR
Jupitermedia->JUPM
K Swiss->KSWS
K Tron->KTII
K-fed Bancorp->KFED
Kaiser Aluminum->KALU
Kaman->KAMN
Kandi Technolgies->KNDI
Kansas City Life Insurance->KCLI
Kapstone Paper and Packaging->KPPC
Kearny->KRNY
Kelly Services->KELYA
Kelly Services->KELYB
Kendle->KNDL
Kenexa->KNXA
Kensey Nash->KNSY
Kent Financial Services->KENT
Kentucky First Federal Bancorp->KFFB
Keryx Biopharmaceuticals->KERX
Kewaunee Scientific->KEQU
Key Technology->KTEC
Key Tronic->KTCC
Keynote Systems->KEYN
Kforce->KFRC
Kimball International->KBALB
Kirklands - Commonstock->KIRK
Kla-tencor->KLAC
Kmg Chemicals->KMGB
Knight Capital Grp.->NITE
Knightsbridge Tankers->VLCCF
Knology->KNOL
Kohlberg Capital->KCAP
Kongzhong Ads->KONG
Kopin->KOPN
Koss->KOSS
Kratos Defense Security Solutions->KTOS
Ksw->KSW
Kulicke and Soffa Industries->KLIC
Kvh Industries->KVHI
L.b. Foster Company->FSTR
La Jolla Pharmaceutical Company->LJPC
Labopharm Inc.->DDSS
Lacrosse Footwear->BOOT
Ladish Co.->LDSH
Lake Shore Bancorp->LSBK
Lakeland Bancorp->LBAI
Lakeland Financial->LKFN
Lakeland Industries->LAKE
Lakes Entertainment->LACO
Lam Research->LRCX
Lamar Advertising Company->LAMR
Lancaster Colony->LANC
Lance->LNCE
Landec->LNDC
Landmark Bancorp Inc.->LARK
Landstar System->LSTR
Langer->GAIT
Lantronix->LTRX
Laporte Bancorp->LPSB
Lasercard->LCRD
Lattice Semiconductor->LSCC
Lawson Products->LAWS
Lawson Software->LWSN
Layne Christensen Company->LAYN
Lca-vision Inc.->LCAV
Leading Brands->LBIX
Leap Wireless->LEAP
Learning Tree->LTRE
Lecg->XPRT
Lecroy->LCRY
Legacy Bancorp->LEGC
Legacy Reserves Lp->LGCY
Lemaitre Vascular->LMAT
Lendingtree->TREE
Level 3 Communications->LVLT
Lexicon Pharmaceuticals->LXRX
Lhc Grp.->LHCG
Liberty Global->LBTYA
Liberty Global->LBTYK
Liberty Global->LBTYB
Liberty Media->LINTA
Liberty Media - Capital Common Series->LCAPA
Liberty Media - Capital Common Series->LCAPB
Liberty Media - Interactive Common->LINTB
Liberty Media - Series B Liberty->LMDIB
Liberty Media - Series a Liberty->LMDIA
Life Partners Holdings->LPHI
Lifeline Systems->LIFE
Lifepoint Hospitals->LPNT
Lifetime Brands->LCUT
Lifeway->LWAY
Ligand Pharmaceuticals Incorporated->LGND
Lightpath Technologies->LPTH
Lihir Gold Limited Ads->LIHR
Limco -piedmont Inc.->LIMC
Lime Energy Co.->LIME
Limelight Networks->LLNW
Lincare Holdings Inc.->LNCR
Lincoln Educational Services->LINC
Lincoln Electric->LECO
Linear->LLTC
Linktone Ltd. Ads->LTON
Linn Energy Llc->LINE
Lionbridge Technologies->LIOX
Liquidity Services->LQDT
Littelfuse->LFUS
Livedeal->LIVE
Liveperson->LPSN
Lj International->JADE
Lkq->LKQX
Lm Ericsson Telephone Company Ads->ERIC
Lmi Aerospace->LMIA
Lml Payment Systems->LMLP
Lnb Bancorp->LNBB
Local.com->LOCM
Lodgenet Interactive->LNET
Logic Devices Incorporated->LOGC
Logicvision->LGVN
Logility->LGTY
Logitech International S.a. - Registered->LOGI
Lojack->LOJN
Looksmart->LOOK
Loopnet->LOOP
Loral Space->LORL
Louisiana Bancorp->LABC
Lsb->LSBX
Lsb Financial->LSBI
Lsi Industries Inc.->LYTS
Ltx-credence->LTXC
Lufkin->LUFK
Lululemon Athletica Inc.->LULU
Luminex->LMNX
Luna Innovations Incorporated->LUNA
M B T Financial->MBTF
Macatawa Bank->MCBC
Macc Private Equities->MACC
Mace Security International->MACE
Mackinac Financial->MFNC
Macrovision Solutions->MVSN
Magal Security Systems Ltd.->MAGS
Magellan Health Services->MGLN
Magellan Petroleum->MPET
Magic Software->MGIC
Magma Design->LAVA
Magna Entertainment Corp->MECA
Magyar Bancorp->MGYR
Maiden Hldgs Ltd->MHLD
Main Street Capital->MAIN
Mainsource Financial->MSFG
Majesco->COOL
Makemusic->MMUS
Makita->MKTAY
Mako Surgical->MAKO
Malvern Federal Bancorp->MLVF
Manhattan Associates->MANH
Manhattan Bridge Capital->LOAN
Manitex International->MNTX
Mannatech Incorporated->MTEX
Mannkind->MNKD
Mantech International->MANT
Map Pharmaceuticals->MAPP
Marchex->MCHX
Marine Petroleum->MARPS
Market Leader->LEDR
Marketaxess->MKTX
Marlin Business Services->MRLN
Marshall Edwards->MSHL
Martek->MATK
Marten Transport Ltd.->MRTN
Martin Midstream Partners L.p.->MMLP
Marvell->MRVL
Masimo->MASI
Matrix Service Company->MTRX
Matrixx Initiatives Inc.->MTXX
Matthews International->MATW
Mattson Technology->MTSN
Max Capital Grp. Ltd.->MXGL
Maxim Integrated Products->MXIM
Maxwell Technologies->MXWL
Maxygen->MAXY
Mayflower Bancorp->MFLR
Mb Financial->MBFI
Mccormick Schmicks Seafood Restaurants->MSSR
Mcgrath Rentcorp->MGRC
Mdc Partners Inc.->MDCA
Mdrna->MRNA
Meade Instruments->MEAD
Meadow Valley->MVCO
Measurement Specialties->MEAS
Mechanical Technology->MKTY
Medallion Financial->TAXI
Medarex->MEDX
Medassets->MDAS
Medcath->MDTH
Media Sciences International Inc->MSII
Mediacom Communications->MCCC
Medialink Worldwide Incorporated->MDLK
Medical Action Industries Inc.->MDCI
Medical Nutrition Usa->MDNU
Medicines->MDCO
Medicinova->MNOV
Medivation->MDVN
Mediware Information Systems->MEDW
Medquist->MEDQ
Medtox Scientific->MTOX
Melco Crown Entertainment Limited->MPEL
Mellanox Technologies Ltd.->MLNX
Memory Pharmaceuticals Corp->MEMY
Memsic->MEMS
Mentor Graphics->MENT
Mer Lyn Djia Mkt Idx Trg 1/09->MTDB
Mer Telemanagement Solutions Ltd->MTSL
Mercadolibre->MELI
Mercantile Bank->MBWM
Mercer Insurance->MIGP
Mercer International Inc.->MERC
Merchants Bancshares->MBVT
Mercury Computer Systems->MRCY
Merge Healthcare Incorporated.->MRGE
Meridian Bioscience Inc.->VIVO
Meridian Interstate Bancorp->EBSB
Merit Medical Systems->MMSI
Merix->MERX
Merrill Lynch->MSPX
Merrill Lynch->MNNY
Merrill Lynch->PGEB
Merrill Lynch->SRDD
Merrill Lynch->MTTX
Merrill Lynch->MTTT
Merrill Lynch Co->DOWT
Merrill Lynch Co->LERA
Merrill Lynch Co.->MTSM
Merrill Lynch Co.->SRIB
Merrill Lynch Co.->LNDU
Merrill Lynch Co.->DWMT
Merrill Lynch Co.->MTNK
Merrill Lynch Co.->PDNT
Merrill Lynch - Strategic Return->SRRR
Merriman Curhan Ford Grp.->MERR
Mesa Air Grp.->MESA
Mesa Labs->MLAB
Meta Financial->CASH
Metabasis Therapeutics->MBRX
Metabolix->MBLX
Metalink Ltd.->MTLK
Methanex->MEOH
Metrocorp Bancshares->MCBI
Mexican Restaurants->CASA
Mfri->MFRI
Mge Energy->MGEE
Mgp Ingredients->MGPI
Mhi Hospitality->MDH
Microchip->MCHP
Microfinancial Incorporated->MFI
Micromet->MITI
Micronetics->NOIZ
Micros Systems->MCRS
Microsemi->MSCC
Microsoft->MSFT
Microstrategy->MSTR
Microtune->TUNE
Microvision->MVIS
Micrus Endovascular->MEND
Mid Penn Bancorp->MPB
Middlebrook Pharmaceuticals->MBRK
Middleburg Financial->MBRG
Middlesex Water Company->MSEX
Midwest Banc Holdings->MBHI
Midwest Banc Holdings - Perp Pfd->MBHIP
Midwestone Financial Grp.->MOFG
Millenium India Acquisition Company->SMCG
Millenium India Acquisition Company->SMCGU
Millicom Cellular->MICC
Mind C.t.i. Ltd.->MNDO
Mindspeed Technologies->MSPD
Mips Technologies->MIPS
Misonix->MSON
Mission West Properties->MSW
Mitcham->MIND
Mitsui->MITSY
Miva->MIVA
Mks Instruments->MKSI
Mktg->CMKG
Mobile Mini->MINI
Mocon->MOCO
Mod Pac->MPAC
Molecular Insight Pharmaceuticals->MIPI
Molex Incorporated->MOLX
Molex Incorporated->MOLXA
Momenta->MNTA
Monarch Casino->MCRI
Monarch Community Bancorp->MCBF
Monarch Financial Holdings->MNRK
Monmouth Real Estate Investment->MNRTP
Monmouth Real Estate Investment->MNRTA
Monogram Biosciences->MGRM
Monolithic Power Systems->MPWR
Monotype Imaging Holdings Inc.->TYPE
Monro Muffler Brake->MNRO
Monroe Bancorp->MROE
Monterey Gourmet Foods->PSTA
Morgan Stanley->ESTX
Morgan Stanley->NBXH
Morgan Stanley->MSNQ
Morgans Hotel Grp. Co.->MHGC
Morningstar->MORN
Mosys->MOSY
Motorcar Parts of America->MPAA
Mru Holdings->UNCL
Mrv Communications->MRVC
Msb Financial->MSBF
Msc.software->MSCS
Mtr Gaming->MNTG
Mts Medication Technologies->MTSI
Mts Systems->MTSC
Multi Fineline->MFLX
Multi-color->LABL
Multiband->MBND
Multimedia Games->MGAM
Mutualfirst Financial Inc.->MFSF
Mwi Veterinary->MWIV
Mylan Inc.->MYL
Mylan Inc. - Mandatory Convertible->MYLNP
Myr Grp.->MYRG
Myriad Genetics->MYGN
Nabi Biopharmaceuticals->NABI
Nanometrics Incorporated->NANO
Nanosphere->NSPH
Napco Security Technologies->NSSC
Nara Bancorp->NARA
Nasb Financial->NASB
Nasdaq Etf Test->ZYSTF
Nasdaq Stock Market->NDAQ
Nash Finch->NAFC
Nashua->NSHA
Nathans Famous->NATH
National Bankshares->NKSH
National Beverage->FIZZ
National Cinemedia->NCMI
National Coal->NCOC
National Dentex->NADX
National Instruments->NATI
National Interstate->NATL
National Penn Bancshares->NPBC
National Penn Bancshares - Npb Capital->NPBCO
National Research->NRCI
National Security Grp.->NSEC
National Technical Systems->NTSC
National Western Life Insurance Company->NWLI
Natural Alternatives International->NAII
Natus Medical Incorporated->BABY
Naugatuck Valley Financial->NVSL
Navarre->NAVR
Navigators->NAVG
Navisite->NAVI
Nbt Bancorp Inc.->NBTB
Nbt Financial Grp.->NBTF
Nci->NCIT
Nds Grp. Plc Adr->NNDS
Nektar Therapeutics->NKTR
Neogen->NEOG
Neptune Technologies Bioresources->NEPT
Ness->NSTC
Net 1 Ueps Technologies->UEPS
Net Servicos De Comunicacao S.a->NETC
Netapp->NTAP
Netease.com Ads->NTES
Netflix->NFLX
Netgear->NTGR
Netlogic Microsystems->NETL
Netscout Systems->NTCT
Netsol Technologies Inc. - Common->NTWK
Network Engines->NENG
Network Equipment Technologies->NWK
Neurobiological->NTII
Neurocrine Biosciences->NBIX
Neurogen->NRGN
Neurometrix->NURO
Neutral Tandem->TNDM
New Century Bancorp (nc)->NCBC
New England Bancshares->NEBS
New Frontier Media->NOOF
New Generation Biofuels Holdings->NGBF
New Hampshire Thrift Bancshares->NHTB
New Motion->NWMO
New Oriental Energy Chemical->NOEC
New York Community Bancorp - Haven->HAVNP
New York Mortgage Trust->NYMT
Newbridge Bancorp->NBBC
Newport->NEWP
Newport Bancorp->NFSB
News->NWSA
News->NWS
Newstar Financial->NEWS
Newtek Business Services Inc.->NEWT
Nexmed->NEXM
Nexstar->NXST
Nexxus Lighting->NEXS
Ngas->NGAS
Nic->EGOV
Nice Systems->NICE
Nicholas Financial->NICK
Nighthawk->NHWK
Nii Holdings->NIHD
Nile Therapeutics->NLTX
Ninetowns->NINE
Nitromed->NTMD
Nmt Medical Inc.->NMTI
Nn->NNBR
Nobel Learning Communities->NLCI
Nobility Homes->NOBH
Noble International Ltd.->NOBL
Nordson->NDSN
Nortech->NSYS
North American Galvanizing Coatings->NGA
North American Scientific->NASM
North Central Bancshares->FFFD
North Valley Bancorp->NOVB
Northeast Bancorp->NBN
Northeast Community Bancorp->NECB
Northern States Financial->NSFC
Northern Technologies International->NTIC
Northern Trust->NTRS
Northfield Bancorp->NFBK
Northfield Labs->NFLD
Northrim Bancorp->NRIM
Northwest Bancorp->NWSB
Northwest Pipe->NWPX
Norwood Financial->NWFL
Nova Measuring Instruments Ltd.->NVMI
Novamed->NOVA
Novamerican Steel->TONS
Novatel Wireless->NVTL
Novavax->NVAX
Novell->NOVL
Novellus Systems->NVLS
Noven Pharmaceuticals->NOVN
Novogen->NVGN
Nps->NPSP
Ntelos->NTLS
Nu Horizons Electronics->NUHC
Nuance Communications->NUAN
Nucryst->NCST
Numerex->NMRX
Nutraceutical International->NUTR
Nutrisystem->NTRI
Nuvasive->NUVA
Nuvelo->NUVO
Nve->NVEC
Nvidia->NVDA
Nxstage Medical->NXTM
Nyer Medical->NYER
Nymox Pharmaceutical->NYMX
O. I.->OICO
O2micro International Limited Ads->OIIM
Oak Ridge Financial Services->BKOR
Oak Valley Bancorp (ca)->OVLY
Obagi Medical Products->OMPI
Occam Networks->OCNW
Occulogix->TEAR
Occulogix->OCCX
Ocean Bio-chem->OBCI
Ocean Power Technologies->OPTT
Ocean Shore Holding Co.->OSHC
Oceanfirst Financial->OCFC
Oceanfreight Inc.->OCNF
Ocharleys Inc.->CHUX
Ocular Sciences->OCLR
Oculus Innovative Sciences->OCLS
Odyssey Healthcare->ODSY
Odyssey Marine Exploration->OMEX
Ohio Legacy->OLCB
Ohio Valley Banc->OVBC
Old Dominion Freight Line->ODFL
Old Line Bancshares->OLBK
Old Point Financial->OPOF
Old Second Bancorp->OSBCP
Old Second Bancorp->OSBC
Olympic Steel->ZEUS
Omega Flex->OFLX
Omega Navigation Enterprises->ONAV
Omni Energy Services->OMNI
Omnicell->OMCL
Omniture->OMTR
Omnivision->OVTI
On Assignment->ASGN
On Semiconductor->ONNN
On Track Innovations Ltd->OTIV
Oncogenex Pharmaceuticals Inc->OGXI
Oncolytics Biotech - Common Shares->ONCY
Oncothyreon . - Common Shares->ONTY
Oneida Financial->ONFC
Online Resources->ORCC
Onstream Media->ONSM
Onvia->ONVI
Onyx Pharmaceuticals->ONXX
Open Text->OTEX
Opentv->OPTV
Openwave->OPWV
Opexa Therapeutics->OPXA
Oplink Communications->OPLK
Opnet->OPNT
Opnext->OPXT
Optelecom-nkf->OPTC
Optibase Ltd.->OBAS
Optical Cable->OCCF
Optimal->OPMR
Optimer Pharmaceuticals->OPTR
Optimumbank Holdings->OPHC
Optionsxpress Holdings->OXPS
Oracle->ORCL
Orasure Technologies->OSUR
Orbcomm Inc.->ORBC
Orbit International->ORBT
Orbotech Ltd.->ORBK
Orchid Cellmark->ORCH
Orckit Communications->ORCT
Oreilly Automotive->ORLY
Origin Agritech Limited->SEED
Orion Energy Systems->OESX
Orion Marine Grp. - Common->OMGI
Oritani Financial->ORIT
Orrstown Financial Services->ORRF
Orthofix International N.v.->OFIX
Orthologic->CAPS
Orthovita->VITA
Oscient Pharmaceuticals->OSCI
Osi Pharmaceuticals->OSIP
Osi Systems->OSIS
Osiris Therapeutics->OSIR
Osteotech->OSTE
Otelco->OTT
Otter Tail->OTTR
Outdoor Channel Holdings->OUTD
Overland Storage->OVRL
Overstock->OSTK
Oxigene->OXGN
Oyo Geospace->OYOG
P F Industries->PFIN
P.a.m. Transportation Services->PTSI
P.f.changs China Bistro->PFCB
Pab Bankshares->PABK
Paccar Inc.->PCAR
Pacer International->PACR
Pacific Capital Bancorp->PCBC
Pacific Continental E->PCBK
Pacific Ethanol->PEIX
Pacific Mercantile Bancorp->PMBC
Pacific Premier Bancorp->PPBI
Pacific State Bancorp Ca->PSBC
Pacific Sunwear of California->PSUN
Pacwest Bancorp->PACW
Paetec Holding->PAET
Pain Therapeutics->PTIE
Palm->PALM
Palm Harbor->PHHM
Palomar Medical Technologies->PMTI
Pamrapo Bancorp->PBCI
Pan American Silver->PAAS
Panera Bread Company->PNRA
Pansoft Company Limited->PSOF
Papa Johns->PZZA
Paragon Shipping Inc.->PRGN
Parallel Petroleum->PLLL
Parametric Technology->PMTC
Parent Company (the)->KIDS
Parexel->PRXL
Park Bancorp->PFED
Park Ohio->PKOH
Parke Bancorp->PKBK
Parkvale Financial->PVSA
Parlux Fragrances->PARL
Partner Communications Company Ltd->PTNR
Pathfinder Bancorp->PBHC
Patrick Industries->PATK
Patriot Capital Funding->PCAP
Patriot National Bancorp Inc.->PNBK
Patriot Transportation Holding->PATR
Patterson->PDCO
Patterson-uti Energy->PTEN
Paulson->PLCC
Paychex->PAYX
Pc Connection->PCCC
Pc Mall->MALL
Pc-tel->PCTI
Pdf Solutions->PDFS
Pdi->PDII
Pdl Biopharma->PDLI
Peapack-gladstone Financial->PGC
Peco Ii->PIII
Peerless->PRLS
Peets Coffee Tea->PEET
Pegasystems Inc.->PEGA
Penford->PENX
Penn National->PENN
Pennantpark Investment->PNNT
Pennichuck->PNNW
Penns Woods Bancorp->PWOD
Pennsylvania Commerce Bancorp->COBH
Penwest->PPCO
Peoples Bancorp Inc.->PEBO
Peoples Bancorp of North Carolin->PEBK
Peoples Bank->PBCT
Peoples Educational Holdings->PEDH
Peoples Financial->PFBX
Per-se Technologies->PSTI
Perceptron->PRCP
Perfect World Co. Ltd. Ads->PWRD
Perficient->PRFT
Performance Technologies Incorporated->PTIX
Perfumania Holdings->PERF
Pericom Semiconductor->PSEM
Perma-fix Environmental Services->PESI
Perrigo Company->PRGO
Perry Ellis International Inc.->PERY
Pervasive Software Inc.->PVSW
Pet Drx->VETS
Pet Drx - Units->VETSU
Petmed Express->PETS
Petroleum Development->PETD
Petsmart->PETM
Pfsweb->PFSW
Pgt->PGTI
Pharmaceutical Product Developme->PPDI
Pharmacyclics->PCYC
Pharmanet Development Grp->PDGI
Pharmaxis Limited - Sponsored Adr->PXSL
Phase Forward->PFWD
Phazar->ANTP
Phoenix->PTEC
Photomedex->PHMD
Photomedex->PHMDD
Photronics->PLAB
Physicians Formula Holdings->FACE
Pico Holdings Inc.->PICO
Pinnacle Airlines->PNCL
Pinnacle Financial Partners->PNFP
Pinnacle Gas Resources->PINN
Pixelplus Co. Ltd.->PXPL
Pixelworks->PXLW
Pizza Inn->PZZI
Planar Systems->PLNR
Planetout->LGBT
Plato Learning Inc.->TUTR
Plexus->PLXS
Plug Power->PLUG
Plumas Bancorp->PLBC
Plx Technology->PLXT
Pma Capital->PMACA
Pmc Sierra->PMCS
Pmfg->PMFG
Point.360->PTSX
Pointer Telocation Ltd.->PNTR
Pokertek->PTEK
Polycom->PLCM
Poniard Pharmaceuticals->PARD
Poore Brothers->SNAK
Pope Resources->POPE
Popular->BPOPN
Popular->BPOP
Popular - Popular Capital Trust Ii->BPOPM
Portec Rail->PRPX
Porter Bancorp->PBIB
Portfolio Recovery Associates->PRAA
Powell->POWL
Power Integrations->POWI
Power-one->PWER
Powersecure International->POWR
Powerwave->PWAV
Pozen->POZN
Prana Biotechnology Ltd Ads->PRAN
Preferred Bank->PFBC
Preformed Line Products Company->PLPC
Premier Exhibitions->PRXI
Premier Financial Bancorp->PFBI
Premier West Bancorp->PRWT
Presidential Life->PLFE
Presstek->PRST
Pressure Biosciences->PBIO
Prg Schultz->PRGX
Pricesmart->PSMT
Primeenergy->PNRG
Primoris Services->PRIM
Primoris Services - Units->PRIMU
Princeton National Bancorp->PNBC
Private Media->PRVT
Privatebancorp->PVTB
Privatebancorp - Privatebancorp Capital->PVTBP
Pro-dex->PDEX
Pro-fac Cooperative->PFACP
Progen Pharmaceuticals Limited->PGLA
Progenics Pharmaceuticals Inc.->PGNX
Progress Software->PRGS
Prospect Energy->PSEC
Prosperity Bancshares->PRSP
Protection One->PONE
Providence Service->PRSC
Providence and Worcester Railroad->PWX
Provident Bankshares->PBKS
Provident Financial Holdings->PROV
Provident New York Bancorp->PBNY
Prudential Bancorp of Pennsylvania->PBIP
Psb Holdings->PSBH
Pss World Medical->PSSI
Psychemedics->PMD
Psychiatric Solutions->PSYS
Pulaski Financial->PULB
Pure Cycle->PCYO
Purple Communications->PRPL
Pvf Capital->PVFC
Google->